0;Имя;Фамилия;Пол;Дата рождения;Класс;Номер телефона родителя;Дополнительный номер телефона родителя
1;Арина;Власова;жен;15.01.1011;5Б;79147175518;79303641647
2;Борис;Макаров;муж;28.08.2012;2Б;79852047482;
3;Диана;Фомина;жен;15.05.2013;3Б;79805517578;
4;Мелания;Мартынова;жен;04.07.2009;7Б;79660484046;79082403043
5;Альберт;Федотов;муж;25.01.2010;5Б;79225535847;79005515470
6;Игорь;Кондратьев;муж;29.08.2011;5В;69402625563;69368006531
7;Даниэль;Ефимов;муж;22.09.2007;9А;79766577507;
8;Валентина;Захарова;жен;23.02.2012;4В;78761261305;
9;Зарина;Сорокина;жен;19.01.2011;5А;7914451297;
10;Таисия;Жукова;жен;22.08.2006;10В;79331074101;79425747146
11;Карина;Сидорова;жен;19.09.2006;10А;79501836270;79323836466
12;Есения;Трофимова;жен;20.02.2010;6Б;79585268066;
13;Михаил;Петров;муж;23.02.2009;7В;79061007268;79324723886
14;Владислав;Шульц;муж;03.05.2014;1Б;79721614725;79706001335
15;Семен;Шульц;муж;27.06.2006;10А;79243480227;
16;Гордей;Назаров;муж;27.03.2012;4В;79284277004;79154501607
17;Савва;Егоров;муж;17.08.2010;6А;79653467373;79067403653
18;Камилла;Карпова;жен;02.09.2012;4Б;79273027737;
19;Артемий;Романов;муж;25.04.1907;9Б;79258845244;79864411102
20;Алия;Зайцева;жен;15.02.2015;1В;79001713000;79304754565
21;Станислав;Жуков;муж;11.11.2015;1В;79750845586;
22;Анатолий;Ефимов;муж;26.03.2006;10Б;79308128584;
23;Эмилия;Попова;жен;18.02.2010;6А;79667835251;
24;Ариана;Антонова;жен;24.11.2006;10А;79380486283;79123631565
25;Николай;Львов;муж;20.08.2014;2В;79631561888;79273070781
26;Людмила;Киселёва;жен;02.08.2012;4В;79415570516;
27;Дамир;Прокофьев;муж;25.01.2015;1А;79206538320;
28;Амир;Сидоров;муж;27.10.2008;8Б;79226402543;79245124288
29;Агата;Голубева;жен;21.03.2005;11В;79727541140;
30;Анжелика;Титова;жен;12.06.2011;5В;79681244511;79646772003
31;Нелли;Миллера;жен;17.06.2015;1Б;79116316111;
32;Ростислав;Леонтьев;муж;22.01.2011;5А;79766608254;79801238416
33;Адель;Назаров;муж;07.04.2006;10В;79000162715;
34;Вадим;Григорьев;муж;30.07.2010;6А;79855765855;
35;Владимир;Антонов;муж;08.09.2010;6А;79767630547;
36;Милена;Филиппова;жен;21.08.2007;9В;79606042585;
37;Ярослав;Воробьёв;муж;21.05.2006;10Б;79146220864;79371564361
38;Ирина;Антонова;жен;12.02.2015;1Б;79222673517;79541582310
39;Ксения;Давыдова;жен;01.10.2006;10В;79655776737;79731318423
40;Василина;Карпова;жен;12.03.2014;2В;79343018176;
41;Рустам;Лебедев;муж;16.05.2009;7Б;79781666678;
42;Камилла;Полякова;жен;28.01.2012;4В;79571545771;
43;Платон;Денисов;муж;22.03.2009;7А;79547217614;79253353821
44;Тихон;Филиппов;муж;22.04.2013;3В;79144110056;79200144341
45;Василий;Карпов;муж;15.02.2008;8Б;79175341551;79451437342
46;Ева;Киселёва;жен;02.03.2013;3В;79462436261;79614356634
47;Давид;Давыдов;муж;11.09.2013;3А;79601127238;79350452228
48;Дарья;Волкова;жен;12.02.2009;7Б;79147361078;
49;Лиана;Смирнова;жен;14.07.2007;9А;79748553654;79811244056
50;Тамерлан;Петров;муж;13.09.2005;11Б;79275030350;79283217735
51;Кира;Николаева;жен;12.02.2015;1В;79118511162;
52;Дмитрий;Борисов;муж;01.01.2014;2А;79113376247;79728331046
53;Борис;Кудрявцев;муж;31.01.2006;10В;79857674163;
54;Гордей;Мартынов;муж;16.09.2005;11Б;79314632541;
55;Олеся;Андреева;жен;14.06.2009;7В;79682217870;
56;Руслан;Смирнов;муж;06.09.2007;9В;79151686680;79108137872
57;Григорий;Иванов;муж;10.10.2010;6Б;79230376515;79557337014
58;Никита;Ефимов;муж;18.02.2007;9А;79853348383;79126126468
59;Жанна;Давыдова;жен;03.08.2006;10Б;79082112543;79685687816
60;Адель;Никитин;муж;11.01.2015;1Б;79662232265;79804775405
61;Анна;Киселёва;жен;06.05.2011;5Б;79684216584;79347348470
62;Василиса;Сорокина;жен;14.07.2014;2А;79658476482;
63;Филипп;Ефимов;муж;30.01.2007;9А;79345336367;
64;Амалия;Богданова;жен;30.07.2006;10Б;79753841572;
65;Лариса;Соболева;жен;24.03.2005;11В;79845406156;79523458102
66;Ярослав;Попов;муж;23.05.2015;1В;79146131115;79872465515
67;Элина;Наумова;жен;09.09.2010;6В;79701648548;79377610046
68;Максим;Титов;муж;18.01.2015;1А;79700353503;79216640332
69;Таисия;Григорьева;жен;13.11.2014;2А;79476578461;
70;Альберт;Никитин;муж;14.11.2015;1Б;79870242400;
71;Даниэль;Тимофеев;муж;02.09.2013;3А;79602322338;
72;Адель;Смирнов;муж;22.07.2009;7А;79657200080;
73;Ярослав;Воронин;муж;02.05.2013;3А;79067513400;79570107636
74;Арина;Шмидта;жен;27.04.2006;10В;79351478167;79573724331
75;Влада;Зайцева;жен;14.05.2009;7А;79681431655;79080162652
76;Дамир;Степанов;муж;02.07.2010;6А;79127618008;79826028610
77;Эдуард;Жуков;муж;28.04.2011;5А;79404772730;
78;Карина;Кириллова;жен;05.04.2014;2В;78463717462;
79;Вера;Прокофьева;жен;14.04.2015;1В;79583754456;
80;Адель;Яковлев;муж;15.09.2012;4Б;79354216857;
81;Анжелика;Лебедева;жен;14.04.2014;2А;79261884601;
82;София;Григорьева;жен;23.09.2015;1А;79265273606;
83;Ильдар;Семёнов;муж;26.09.2009;7Б;79687186122;
84;Вера;Тихомирова;жен;04.07.2010;6А;79700087771;
85;Тимофей;Соловьёв;муж;01.07.2008;8А;79510428021;
86;Арсений;Наумов;муж;30.03.2013;3В;79885443352;79101125124
87;Ирина;Фомина;жен;27.06.2012;4В;79160457671;79376556142
88;Григорий;Васильев;муж;18.06.2010;6Б;79155118811;
89;Инна;Козлова;жен;20.04.2013;3В;79344542021;
90;Агата;Шульца;жен;09.04.2009;7Б;79783604255;
91;Святослав;Наумов;муж;05.09.2006;10В;79811210038;
92;Мирон;Лебедев;муж;26.09.2014;2Б;79415830841;
93;Лариса;Троицкая;жен;31.03.2014;2В;79803170858;
94;Софья;Макарова;жен;12.01.2010;6А;79418584361;
95;Денис;Фролов;муж;08.05.2008;8Б;79225224063;79817765277
96;Руслан;Богданов;муж;22.08.2015;1В;79814711412;
97;Алёна;Григорьева;жен;29.11.2011;5Б;79371756413;
98;Ринат;Сергеев;муж;24.01.2006;10Б;79081867158;
99;Юлия;Прокофьева;жен;16.10.2007;9Б;79304737621;
100;Нина;Мартынова;жен;21.10.2007;9В;79003138558;79813145181
101;Ян;Савельев;муж;09.10.2008;8А;79610077023;
102;Галина;Егорова;жен;07.06.2011;5А;79004270260;79014101403
103;Игнат;Филиппов;муж;15.08.2010;6А;79722221016;79703652850
104;Елизавета;Романова;жен;13.07.2015;1А;79473846003;
105;Анна;Попова;жен;18.11.2005;11А;79613080546;
106;Артур;Тимофеев;муж;24.05.2006;10В;79453800724;79420066883
107;Марк;Абрамов;муж;01.05.2014;2В;79876204884;79260120111
108;Филипп;Павлов;муж;27.01.2015;1В;79104001656;79561843708
109;Григорий;Карпов;муж;08.03.2008;8Б;79563270224;79487558611
110;Екатерина;Федотова;жен;01.11.2005;11В;79236700331;
111;Александр;Орлов;муж;10.09.2012;4В;79221646362;79525807085
112;Станислав;Шмидт;муж;06.10.2007;9Б;79658481867;79543515312
113;Давид;Николаев;муж;03.06.2012;4В;79627005550;
114;Максим;Романов;муж;29.05.2009;7В;79381462631;
115;Александра;Богданова;жен;08.07.2012;4Б;79234330285;
116;Александра;Абрамова;жен;09.03.2011;5В;79342737683;
117;Есения;Васильева;жен;09.05.2008;8Б;79402432143;
118;Самира;Федотова;жен;21.06.2013;3В;79542634742;
119;Амина;Дмитриева;жен;11.01.2006;10В;79226265311;
120;Дмитрий;Иванов;муж;15.01.2008;8Б;79667157764;79045143734
121;Виолетта;Федотова;жен;15.07.2013;3В;79604860287;79854286233
122;Семен;Кириллов;муж;05.04.2009;7Б;79214778566;
123;Руслан;Григорьев;муж;16.04.2012;4А;79486618161;79677826701
124;Валерия;Пономарёва;жен;25.11.2015;1Б;79463321138;79788130626
125;Олеся;Титова;жен;10.09.2007;9Б;79604606725;79677462301
126;Влад;Дмитриев;муж;10.01.2007;9Б;79488525841;
127;Жанна;Михайлова;жен;08.03.2014;2Б;79747157144;79446478056
128;Леонид;Комаров;муж;02.04.2011;5Б;79016842640;79132504435
129;Татьяна;Михайлова;жен;22.01.2007;9В;79147524165;
130;Василина;Титова;жен;11.06.2010;6Б;79684371580;
131;Ринат;Степанов;муж;09.08.2008;8В;79618265386;
132;Валентина;Львова;жен;14.05.2005;11А;79524647078;79058778047
133;Эльвира;Степанова;жен;05.02.2005;11А;79566258857;79371537701
134;Лилия;Васильева;жен;09.08.2006;10А;79610305780;
135;Майя;Павлова;жен;19.06.2008;8Б;79033212476;
136;Артемий;Наумов;муж;22.09.2005;11Б;79870515465;79062311621
137;Амир;Семёнов;муж;18.10.2012;4Б;79733657422;79881825326
138;Данил;Беляев;муж;03.08.2012;4В;79366247531;
139;Мирослава;Максимова;жен;03.01.2010;6В;79202037464;79348072868
140;Алла;Филиппова;жен;30.08.2012;4В;79528216434;
141;Аделина;Борисова;жен;17.10.2010;6В;79318785266;
142;Роберт;Ушаков;муж;31.01.2010;6А;79886188878;
143;Ксения;Абрамова;жен;11.08.2007;9Б;79446634408;79608356861
144;Арсений;Степанов;муж;19.07.2009;7Б;79467585602;
145;Савелий;Леонтьев;муж;23.01.2011;5В;79348370883;79722130336
146;Зарина;Морозова;жен;10.04.2013;3В;79753561362;
147;Регина;Тихомирова;жен;22.06.2015;1В;79023381525;
148;Марат;Шульц;муж;20.09.2010;6В;79041850278;
149;Альберт;Миллер;муж;07.05.2007;9В;79541004330;
150;Артур;Кондратьев;муж;26.11.2015;1Б;79403807370;79453060007
151;Радмир;Ильин;муж;06.11.2007;9Б;79007318538;79736173074
152;Ариана;Леонтьева;жен;05.01.2008;8А;79266843334;79018800812
153;Мария;Тихомирова;жен;30.09.2011;5Б;79018007364;79262002136
154;Игорь;Ильин;муж;02.04.2011;5В;79634787071;79556565857
155;Милана;Тимофеева;жен;02.01.2011;5Б;79030215426;79762841656
156;Данил;Виноградов;муж;15.01.2011;5А;79587117246;79635370351
157;Савва;Ильин;муж;03.03.2010;6Б;79102322676;
158;Тимофей;Матвеев;муж;18.01.2007;9В;79115077674;
159;Лиана;Попова;жен;30.08.2011;5В;79857727534;
160;Ольга;Попова;жен;24.02.2007;9В;79713121728;
161;Марсель;Филиппов;муж;23.10.2014;2В;79143865850;79235868481
162;Тамерлан;Беляев;муж;09.04.2009;7Б;79701312566;
163;Мирослава;Дмитриева;жен;11.05.2013;3Б;79672771616;79314565680
164;Григорий;Лебедев;муж;27.04.2015;1А;79668388483;79114124626
165;Виолетта;Кудрявцева;жен;05.08.2014;2А;79781186124;79661127484
166;Юлия;Шульца;жен;10.05.2007;9Б;79235012066;
167;Ильдар;Соловьёв;муж;23.01.2007;9А;79725234436;
168;Антон;Наумов;муж;17.10.2007;9В;79165854665;79268552316
169;Артур;Борисов;муж;21.09.2011;5Б;79877526761;
170;Александр;Крылов;муж;13.09.2009;7Б;79886266228;79783662881
171;Милана;Сорокина;жен;18.07.2015;1Б;79318477300;
172;Виталий;Быков;муж;03.01.2012;4Б;79145315202;
173;Нелли;Семёнова;жен;06.11.2012;4В;79242400254;
174;Анна;Павлова;жен;03.07.2008;8Б;79356615714;79511652246
175;Анна;Львова;жен;06.01.2013;3В;79140268726;
176;Константин;Трофимов;муж;08.09.2006;10А;79846776156;79336273665
177;Борис;Богданов;муж;06.11.2009;7А;79830578756;79683730732
178;Сергей;Александров;муж;02.04.2008;8В;79520341372;
179;Антонина;Маркова;жен;27.09.2005;11Б;79206732466;
180;Лиана;Власова;жен;30.06.2006;10А;79378846027;79817126574
181;Елена;Тихомирова;жен;12.04.2006;10А;79258166306;79502818381
182;Артемий;Орлов;муж;15.09.2006;10В;79460047540;79237243408
183;Андрей;Прокофьев;муж;18.11.2015;1Б;79637357311;79002364740
184;София;Егорова;жен;16.05.2011;5Б;79330737218;79044284502
185;Олеся;Васильева;жен;12.02.2008;8Б;79145670185;
186;Марат;Поляков;муж;29.01.2011;5Б;79271546401;
187;Ангелина;Покровская;жен;05.05.2012;4Б;79462722825;79077356645
188;Влад;Николаев;муж;21.10.2006;10В;79508723320;79223541575
189;Арсен;Матвеев;муж;09.11.2007;9В;79835784781;
190;Петр;Троицкий;муж;30.11.2006;10Б;79800061114;79347382320
191;Ростислав;Давыдов;муж;20.02.2008;8Б;79177780676;79363540143
192;Любовь;Кузьмина;жен;19.08.2009;7В;79703350336;
193;Кристина;Тимофеева;жен;08.10.2005;11В;79147400183;79212822223
194;Самир;Власов;муж;12.04.2012;4Б;79026408372;
195;Альбина;Шульца;жен;29.03.2009;7Б;79880278642;
196;Алиса;Наумова;жен;17.08.2008;8А;79166702636;
197;Айдар;Марков;муж;05.06.2010;6В;79146133033;
198;Герман;Егоров;муж;01.02.2014;2В;79446685586;
199;Мирослав;Макаров;муж;05.02.2015;1А;79003354283;1
200;Одиссей;Захаров;муж;07.01.2003;3А;79570345665;79685576765
201;Лидия;Покровская;жен;17.09.2013;3А;79335438705;79367172470
202;Марк;Леонтьев;муж;29.03.2008;8Б;79522278825;
203;Майя;Быкова;жен;05.06.2008;8Б;79543613820;
204;Ильдар;Мартынов;муж;06.11.2005;11А;79802068064;
205;Жанна;Виноградова;жен;04.09.2010;6А;79344871627;
206;Константин;Трофимов;муж;01.11.2008;8В;79216824542;79515432315
207;Майя;Абрамова;жен;21.02.2005;11Б;79273330461;
208;Камилла;Голубева;жен;27.01.2014;2Б;79154360855;79513870762
209;Гордей;Николаев;муж;30.11.2015;1Б;79761050530;79182657284
210;Влад;Карпов;муж;07.11.2005;11Б;79717178468;
211;Тамерлан;Гаврилов;муж;28.02.2011;5Б;79681025310;79428316841
212;Арсений;Данилов;муж;04.08.2007;9Б;79743873885;79771260835
213;Федор;Гусев;муж;12.08.2014;2В;79748056507;79383118314
214;Давид;Крылов;муж;19.08.2009;7В;79516880710;
215;Аделина;Никифорова;жен;22.03.2007;9В;79852425425;79768332553
216;Ольга;Сидорова;жен;14.08.2011;5А;79664648236;79033386582
217;Влад;Шульц;муж;13.09.2006;10Б;79246250364;
218;Павел;Крылов;муж;29.06.2014;2В;79565142833;79883603236
219;Людмила;Власова;жен;19.10.2013;3А;79844645465;79458610361
220;Тихон;Смирнов;муж;29.05.2013;3А;79280087556;
221;Данил;Денисов;муж;26.08.2012;4В;79584554212;79834540630
222;Георгий;Власов;муж;13.02.2013;3А;79332455400;79425207774
223;Наталья;Воробьёва;жен;17.03.2011;5Б;79737372508;79057408567
224;Алексей;Чистяков;муж;19.04.2011;5Б;79388104802;79208706500
225;Агата;Соболева;жен;06.02.2010;6А;79748458055;
226;Вадим;Гусев;муж;19.03.2009;7Б;79161560458;
227;Захар;Леонтьев;муж;11.02.2009;7А;79067237418;79284017172
228;Сергей;Фролов;муж;19.11.2014;2А;79628284374;79231781375
229;Злата;Крылова;жен;24.03.2005;11А;79071842762;79324502203
230;Ян;Никитин;муж;13.02.2011;5А;79434184034;
231;Василина;Макарова;жен;18.11.2011;5В;79187142218;79861151433
232;Ринат;Карпов;муж;21.02.2009;7А;79774825667;
233;Ольга;Семёнова;жен;26.07.2009;7Б;79050452056;
234;Святогор;Фролов;муж;15.01.2009;7В;79340185225;
235;Александра;Смирнова;жен;20.11.2012;4А;79416711737;79566771652
236;Анатолий;Михайлов;муж;26.06.2008;8А;79537186020;
237;Александр;Филиппов;муж;16.01.2013;3А;79464658421;
238;Валерия;Тихомирова;жен;18.04.2014;2В;79517733570;
239;Рустам;Миллер;муж;24.09.2009;7А;79770215605;
240;Артур;Гусев;муж;22.01.2011;5А;79012450217;79402568201
241;Елена;Абрамова;жен;23.10.2008;8Б;79425526542;
242;Денис;Макаров;муж;26.11.2011;5В;79367370648;
243;Игнат;Смирнов;муж;29.11.2012;4В;79722246138;
244;Богдан;Осипов;муж;19.01.2009;7Б;79181122057;79642250368
245;Людмила;Шмидта;жен;14.09.2012;4Б;79652584755;
246;Амелия;Романова;жен;07.02.2011;5Б;79020814182;
247;Адель;Прокофьев;муж;23.07.2008;8А;79655383068;79583367453
248;Наташа;Савельева;жен;10.11.2007;9В;79850002868;
249;Роберт;Тихомиров;муж;26.02.2013;3А;79807871328;
250;Мелания;Павлова;жен;16.08.2009;7А;79617343427;
251;Виктор;Баранов;муж;24.08.2012;4Б;79466456401;
252;Есения;Григорьева;жен;19.10.2013;3В;79271858084;
253;Злата;Миллера;жен;21.06.2012;4В;79280260242;
254;Рамиль;Зайцев;муж;14.05.2010;6Б;79874577614;
255;Павел;Покровский;муж;03.10.2015;1Б;79524003462;79067336756
256;Ярослава;Мартынова;жен;21.06.2010;6А;79180450186;
257;Самира;Воронина;жен;02.08.2015;1Б;79711260371;79510032527
258;Лев;Гусев;муж;12.10.2008;8Б;79470724718;
259;Влада;Денисова;жен;26.09.2015;1А;79600746156;79336145747
260;Алия;Соловьёва;жен;07.05.2011;5А;79833841081;79323538737
261;Василий;Баранов;муж;22.09.2012;4В;79177865854;
262;Айдар;Васильев;муж;15.04.2007;9Б;79047164041;
263;Лариса;Трофимова;жен;05.09.2006;10А;79647043366;
264;Лариса;Прокофьева;жен;25.02.2011;5Б;79647355580;
265;Оксана;Белова;жен;15.02.2015;1Б;79861165841;79714613213
266;Марсель;Назаров;муж;01.10.2011;5А;79487147462;
267;Демид;Щербаков;муж;22.10.2009;7Б;79048858115;
268;Ангелина;Фролова;жен;30.10.2007;9А;79477651156;
269;Есения;Белова;жен;13.01.2006;10Б;79431718302;
270;Лидия;Козлова;жен;30.07.2013;3Б;79847222061;
271;Наталия;Никифорова;жен;01.07.2011;5А;79506677780;
272;Константин;Кузьмин;муж;08.10.2009;7Б;79255665715;
273;Кирилл;Савельев;муж;18.02.2006;10Б;79155477045;79160764670
274;Ян;Новиков;муж;21.03.2015;1В;79862032035;
275;Родион;Кондратьев;муж;24.11.2006;10А;79422818853;79747468863
276;Юлия;Покровская;жен;17.08.2010;6В;79385218656;79575830824
277;Лиана;Соболева;жен;30.03.2013;3А;79115253074;79000163226
278;Родион;Карпов;муж;11.10.2014;2А;79652350877;
279;Макар;Константинов;муж;18.02.2014;2В;79447426481;
280;Лев;Александров;муж;01.03.2005;11Б;79103128043;79531304010
281;Оксана;Лебедева;жен;10.03.2007;9В;79473318656;79464842213
282;Амина;Львова;жен;12.07.2014;2Б;79788487127;79423500025
283;Ярослава;Крылова;жен;15.11.2015;1А;79041044033;
284;Вероника;Савельева;жен;14.08.2012;4В;79065578175;
285;Ариана;Данилова;жен;02.10.2008;8Б;79151741774;79504406222
286;Павел;Константинов;муж;05.09.2005;11А;79273504413;
287;Вячеслав;Кудрявцев;муж;02.01.2009;7В;79670718278;79813236440
288;Антонина;Чистякова;жен;15.04.2005;11Б;79531430036;
289;Инна;Денисова;жен;12.04.2009;7А;79484837434;79251701055
290;Валерий;Ильин;муж;25.03.2012;4В;79126828532;79748470463
291;Глеб;Семёнов;муж;22.08.2009;7Б;79161528600;
292;Антон;Троицкий;муж;13.06.2012;4В;79240864625;79262361652
293;Самира;Комарова;жен;21.01.2010;6А;79666078870;
294;Виолетта;Ушакова;жен;02.04.2011;5В;79856611257;79830820501
295;Марк;Игнатьев;муж;18.11.2013;3Б;79802704810;
296;Василина;Орлова;жен;11.07.2011;5А;79727128608;
297;Диана;Власова;жен;24.09.2007;9Б;79506668186;79451186833
298;Максим;Гусев;муж;06.02.2005;11А;79804774154;
299;Марьяна;Смирнова;жен;02.08.2006;10А;79634627757;
300;Радмир;Волков;муж;20.05.2007;9В;79758602341;79437401838
301;Давид;Зайцев;муж;18.03.2010;6В;79835075658;
302;Игнат;Комаров;муж;18.05.2012;4В;79822212226;
303;Анжелика;Орлова;жен;03.02.2015;1Б;79774760737;
304;Григорий;Осипов;муж;28.10.2015;1А;79472418285;
305;Наташа;Осипова;жен;24.05.2007;9В;79234171845;79444750534
306;Матвей;Борисов;муж;12.11.2006;10В;79523345685;
307;Савелий;Щербаков;муж;14.08.2013;3Б;79384878388;
308;Анатолий;Баранов;муж;01.04.2011;5А;79838875341;79842781221
309;Дамир;Кириллов;муж;07.09.2014;2Б;79618300801;
310;Александр;Тимофеев;муж;05.08.2011;5А;79800401517;
311;Константин;Кондратьев;муж;05.09.2013;3В;79661004432;
312;Наталья;Егорова;жен;09.11.2015;1А;79367738824;
313;Сергей;Соловьёв;муж;29.04.2015;1Б;79565648512;
314;Яромир;Петров;муж;16.06.2014;2Б;79680317413;
315;Макар;Константинов;муж;25.09.2012;4А;79160132738;
316;Михаил;Максимов;муж;13.06.2011;5В;79431455331;79546348415
317;Данил;Константинов;муж;12.09.2010;6В;79421601780;79841030751
318;Нина;Денисова;жен;05.04.2005;11В;79850708203;
319;Мирослав;Орлов;муж;12.02.2005;11А;79648488651;79546621411
320;Антонина;Антонова;жен;25.06.2006;10А;79505536801;
321;Айдар;Сорокин;муж;06.11.2011;5В;79108187050;79364756253
322;Анжелика;Маркова;жен;15.02.2010;6А;79336133538;
323;Жанна;Ильина;жен;07.09.2014;2А;79538111448;
324;Давид;Пономарёв;муж;05.02.2006;10В;79327316525;79323465168
325;Олеся;Ильина;жен;30.01.2005;11В;79812652487;
326;Галина;Антонова;жен;30.10.2008;8Б;79548655228;79137484338
327;Рустам;Воробьёв;муж;28.07.2012;4А;79164775500;79173745072
328;Эдуард;Михайлов;муж;29.01.2008;8А;79521461405;79770486845
329;Варвара;Козлова;жен;04.05.2006;10А;79560145202;79627275761
330;Зарина;Шульца;жен;08.03.2006;10А;79715338050;79873881542
331;Сергей;Григорьев;муж;18.09.2006;10Б;79352652444;79463058673
332;Алла;Захарова;жен;05.08.2008;8А;79872880205;
333;Артур;Баранов;муж;28.03.2011;5Б;79535588565;
334;Роман;Михайлов;муж;02.04.2009;7А;79022168750;
335;Евгений;Макаров;муж;19.11.2007;9А;79468314722;79110108142
336;Игорь;Гаврилов;муж;30.09.2011;5В;79035178664;
337;Никита;Осипов;муж;06.04.2008;8Б;79057860634;79322547363
338;Анастасия;Соколова;жен;13.03.2012;4Б;79237265567;
339;Евгения;Миронова;жен;03.06.2007;9В;79880245642;79483646504
340;Тамерлан;Кудрявцев;муж;07.01.2005;11В;79074155471;79516541138
341;Вадим;Семёнов;муж;08.02.2008;8А;79133163623;
342;Святослав;Власов;муж;11.03.2011;5В;79144270735;
343;Степан;Ушаков;муж;13.10.2006;10Б;79137071426;
344;Эмиль;Ушаков;муж;08.10.2008;8В;79751624046;
345;Глеб;Алексеев;муж;25.11.2011;5В;79067814404;
346;Григорий;Васильев;муж;19.11.2010;6В;79064327363;
347;Николай;Киселёв;муж;21.02.2009;7В;79760310204;
348;Василиса;Павлова;жен;05.08.2006;10В;79075500215;79654505384
349;Стефания;Степанова;жен;05.11.2014;2А;79776785834;79280618861
350;Амир;Троицкий;муж;09.11.2009;7А;79072443251;79512664665
351;Ульяна;Кондратьева;жен;28.08.2011;5А;79854208684;
352;Снежана;Трофимова;жен;09.02.2005;11В;79844361525;
353;Демид;Борисов;муж;16.03.2015;1В;79614870212;79008722830
354;Федор;Воронин;муж;22.03.2009;7А;79584270424;79182740441
355;Лидия;Гаврилова;жен;05.10.2013;3А;79702550424;
356;Василина;Николаева;жен;04.01.2015;1Б;79053608337;
357;Марк;Воробьёв;муж;06.10.2008;8В;79104001736;
358;Снежана;Назарова;жен;06.10.2012;4В;79537723605;79117482065
359;Артемий;Поляков;муж;16.08.2011;5А;79675452802;79763401160
360;Милена;Козлова;жен;18.04.2005;11Б;79067338400;79162531067
361;Ольга;Шульца;жен;15.10.2011;5А;79824247030;
362;Вадим;Гусев;муж;18.08.2013;3Б;79642148884;
363;Данил;Герасимов;муж;02.06.2008;8В;79361841060;
364;Амир;Орлов;муж;12.10.2007;9Б;79570388274;
365;Диана;Герасимова;жен;12.08.2010;6В;79568874438;79570668833
366;Анжелика;Троицкая;жен;21.01.2010;6В;79686265282;79314805573
367;Ярослава;Абрамова;жен;17.11.2010;6А;79155704038;
368;Эвелина;Антонова;жен;08.11.2006;10Б;79422686287;
369;Эдуард;Антонов;муж;09.02.2011;5В;79565653170;79567626856
370;Альбина;Жукова;жен;22.06.2007;9В;79154041301;
371;Алексей;Степанов;муж;29.01.2010;6Б;79422442465;
372;Дарина;Александрова;жен;24.04.2005;11А;79622316040;79457516385
373;Леонид;Борисов;муж;08.09.2012;4В;79881147102;
374;Ильдар;Воробьёв;муж;29.01.2006;10Б;79632134370;79308583700
375;Эдуард;Покровский;муж;21.02.2015;1Б;79645172637;
376;Таисия;Соловьёва;жен;02.07.2007;9А;79632684675;
377;Аделина;Петрова;жен;13.02.2009;7В;79464433811;79211167206
378;Амалия;Савельева;жен;22.09.2007;9В;79555842782;
379;Галина;Шмидта;жен;20.03.2014;2В;79336161627;79533582577
380;Елисей;Захаров;муж;02.03.2007;9А;79427238826;79230782862
381;Зарина;Сидорова;жен;21.01.2014;2В;79137276374;
382;Матвей;Титов;муж;08.09.2005;11В;79683821240;
383;Арина;Фролова;жен;29.10.2009;7А;79751530708;79414801558
384;Демид;Николаев;муж;27.10.2007;9В;79364888713;
385;Станислав;Белов;муж;25.11.2005;11Б;79514785001;79283584338
386;Наташа;Семёнова;жен;29.09.2014;2Б;79748731370;
387;София;Крылова;жен;20.02.2013;3А;79468255775;79263543853
388;Руслан;Шульц;муж;07.10.2008;8В;79560372816;
389;Давид;Кондратьев;муж;30.10.2014;2В;79274745764;
390;Глеб;Ильин;муж;24.10.2014;2А;79088432640;
391;Мария;Щербакова;жен;26.10.2009;7Б;79504431681;
392;Станислав;Кондратьев;муж;28.02.2013;3Б;79540718884;79685011168
393;Карина;Леонтьева;жен;14.05.2011;5В;79855801676;
394;Даниэль;Тихомиров;муж;24.05.2010;6В;79253876354;
395;Любовь;Семёнова;жен;12.01.2010;6В;79884568612;
396;Есения;Новикова;жен;18.08.2005;11В;79275624578;79365855763
397;Радмир;Кузнецов;муж;15.09.2015;1А;79811011210;79330178043
398;Степан;Васильев;муж;06.03.2005;11В;79706782418;79417143603
399;Виктор;Петров;муж;19.05.2013;3Б;79126808386;79015435601
400;Анатолий;Сидоров;муж;28.01.2015;1А;79614104146;
401;Данила;Кузнецов;муж;26.05.2008;8В;79814421748;79502025248
402;Георгий;Константинов;муж;18.01.2005;11А;79315763846;79285073357
403;Оксана;Жукова;жен;11.08.2011;5В;79075351108;79811684665
404;Тамара;Николаева;жен;06.05.2013;3Б;79052426437;
405;Эмиль;Романов;муж;14.03.2011;5А;79466222132;
406;Владимир;Крылов;муж;27.10.2013;3Б;79426285406;
407;Марат;Ильин;муж;04.09.2006;10Б;79145043287;79101463628
408;Иван;Сорокин;муж;05.06.2012;4В;79520510250;79475877866
409;Владимир;Никитин;муж;28.09.2007;9Б;79034322471;
410;Мелания;Наумова;жен;04.04.2007;9Б;79414448424;
411;Валерия;Романова;жен;29.01.2010;6В;79826621262;79511512831
412;Юлия;Денисова;жен;08.09.2015;1А;79548752683;
413;Борис;Афанасьев;муж;10.07.2007;9А;79230855603;
414;Марьяна;Яковлева;жен;13.11.2006;10Б;79628645114;79786607247
415;Оксана;Иванова;жен;06.09.2013;3В;79347432177;
416;Ильдар;Шульц;муж;11.03.2012;4Б;79385265656;79751273563
417;Анатолий;Баранов;муж;21.02.2009;7Б;79187316800;
418;Эльмира;Тихомирова;жен;22.05.2005;11Б;79502744616;
419;Ангелина;Маркова;жен;30.03.2005;11В;79314028681;
420;Матвей;Зайцев;муж;15.06.2007;9А;79436016008;
421;Родион;Гусев;муж;13.08.2011;5Б;79637884342;79788433127
422;Тимур;Сорокин;муж;21.05.2007;9В;79457566062;
423;Савва;Степанов;муж;13.01.2010;6А;79376886878;79803541803
424;Арсений;Беляев;муж;02.05.2015;1В;79218168024;
425;Яна;Новикова;жен;22.03.2008;8А;79037812850;79464251310
426;Людмила;Щербакова;жен;30.03.2013;3А;79285720872;79046020678
427;Кирилл;Романов;муж;15.04.2014;2А;79635120682;79478715828
428;Мелания;Лебедева;жен;30.06.2006;10Б;79027561653;
429;Борис;Мартынов;муж;10.09.2012;4А;79148538845;
430;Виктор;Степанов;муж;11.02.2015;1В;79166348712;
431;Марина;Щербакова;жен;07.07.2013;3В;79560857524;79018068102
432;Николай;Константинов;муж;16.11.2008;8В;79000700047;
433;Тимофей;Баранов;муж;30.07.2007;9А;79051125537;
434;Ян;Константинов;муж;01.11.2007;9А;79800171423;
435;Амелия;Антонова;жен;12.04.2009;7Б;79330030855;
436;Андрей;Миронов;муж;20.05.2009;7Б;79620057157;79411400567
437;Самира;Пономарёва;жен;13.09.2009;7В;79437482164;
438;Анжелика;Орлова;жен;09.03.2014;2В;79160726305;79750081636
439;Агата;Матвеева;жен;16.03.2011;5А;79557080524;79550260806
440;Данил;Никитин;муж;10.08.2013;3А;79181762162;79162846647
441;Мария;Филиппова;жен;07.04.2009;7А;79300016455;
442;Валерия;Тимофеева;жен;16.01.2014;2А;79483631405;
443;Ангелина;Гаврилова;жен;13.06.2014;2А;79520165483;
444;Галина;Миронова;жен;18.03.2005;11В;79311550160;79650507085
445;Ясмина;Гусева;жен;13.05.2009;7А;79335783704;
446;Рустам;Андреев;муж;09.01.2015;1А;79222832127;79263456412
447;Ирина;Попова;жен;03.04.2012;4В;79030872282;
448;Стефания;Филиппова;жен;31.07.2013;3А;79386211017;
449;Анжелика;Никитина;жен;07.10.2013;3А;79531753750;
450;Михаил;Егоров;муж;23.11.2011;5Б;79735321050;79441683531
451;Эльвира;Богданова;жен;27.05.2011;5А;79626023488;79113023100
452;Артемий;Фролов;муж;16.04.2014;2Б;79111626776;79630477203
453;Захар;Трофимов;муж;18.02.2013;3Б;79161506434;79207338865
454;Богдан;Яковлев;муж;29.08.2014;2В;79255735628;79268803881
455;Давид;Сергеев;муж;13.04.2010;6В;79517407378;79883448523
456;Айдар;Павлов;муж;05.07.2008;8Б;79236133131;
457;Сергей;Лебедев;муж;13.04.2015;1В;79304563670;79104427006
458;Степан;Баранов;муж;06.01.2015;1Б;79471263253;79774721037
459;Яромир;Матвеев;муж;18.11.2014;2Б;79400701571;79082868788
460;Александра;Никитина;жен;18.05.2009;7А;79372362251;
461;Владимир;Кузнецов;муж;20.10.2006;10А;79356126680;
462;Марина;Макарова;жен;05.11.2014;2А;79451504408;79682787243
463;Ринат;Ефимов;муж;08.06.2012;4А;79565480840;
464;Одиссей;Петров;муж;22.10.2009;7А;79233355087;
465;Альберт;Волков;муж;10.08.2006;10А;79313155004;
466;Евгений;Леонтьев;муж;13.05.2006;10А;79847822330;
467;Софья;Крылова;жен;23.03.2008;8Б;79356001500;
468;Злата;Максимова;жен;23.06.2015;1Б;79767403702;79367721643
469;Аделина;Иванова;жен;10.06.2009;7В;79022503372;
470;Диана;Щербакова;жен;04.01.2009;7А;79125833736;79123612663
471;Борис;Андреев;муж;05.04.2013;3Б;79553100430;79475443311
472;Вероника;Петрова;жен;07.02.2011;5А;79533644377;
473;Данила;Кондратьев;муж;14.01.2015;1Б;79303715304;79857274127
474;Артемий;Покровский;муж;31.01.2013;3В;79458044877;79435336771
475;Эвелина;Семёнова;жен;14.01.2011;5В;79877453122;
476;Тамерлан;Денисов;муж;03.02.2009;7Б;79140035371;
477;Анжелика;Ефимова;жен;07.08.2011;5Б;79653163056;
478;Дарина;Денисова;жен;25.08.2011;5Б;79275386373;
479;Татьяна;Щербакова;жен;11.09.2006;10А;79825134503;79003702162
480;Ариана;Карпова;жен;24.05.2011;5В;79652633036;79873757163
481;Алиса;Комарова;жен;23.06.2013;3А;79203042800;
482;Аделина;Соболева;жен;20.09.2009;7Б;79885727681;
483;Агата;Титова;жен;20.08.2010;6Б;79701127214;79114051008
484;Инна;Егорова;жен;19.04.2014;2В;79034053713;79878682320
485;Владимир;Зайцев;муж;23.02.2009;7В;79658658843;79331374272
486;Лев;Трофимов;муж;18.04.2013;3А;79168134151;
487;Захар;Романов;муж;01.08.2013;3В;79056874822;79116025867
488;Егор;Максимов;муж;21.02.2012;4Б;79518232003;79103204563
489;Валерий;Богданов;муж;01.06.2010;6Б;79013807252;79847577240
490;Альберт;Петров;муж;13.10.2005;11А;79816313873;
491;Инна;Пономарёва;жен;31.07.2012;4А;79588851853;
492;Виталина;Борисова;жен;29.04.2011;5А;79455030646;
493;Элина;Щербакова;жен;08.03.2008;8Б;79126237870;79604058151
494;Рамиль;Беляев;муж;22.03.2006;10В;79283054727;
495;Гордей;Кузнецов;муж;31.07.2015;1А;79722357747;
496;Нелли;Голубева;жен;05.01.2009;7Б;79528555301;79042100785
497;Дамир;Титов;муж;20.10.2013;3А;79733831832;79325648758
498;Семен;Тимофеев;муж;16.07.2005;11А;79563010434;
499;Ангелина;Титова;жен;07.08.2014;2В;79684665526;79348481182
500;Одиссей;Макаров;муж;14.07.2009;7Б;79870664483;
501;Демид;Чистяков;муж;27.06.2008;8А;79557016101;
502;Лев;Марков;муж;08.02.2014;2А;79723357673;79134860518
503;Богдан;Александров;муж;18.03.2014;2В;79058668348;
504;Яромир;Назаров;муж;12.01.2006;10В;79807168074;79624056277
505;Лидия;Денисова;жен;07.08.2009;7А;79822830285;
506;Вадим;Никитин;муж;18.09.2012;4А;79037438046;79751385106
507;Самир;Тимофеев;муж;05.01.2005;11А;79487853226;
508;Анатолий;Кузнецов;муж;24.04.2006;10А;79627332546;79453024076
509;Ева;Киселёва;жен;12.02.2015;1В;79800216311;
510;Савва;Герасимов;муж;20.02.2008;8В;79574663810;
511;Амелия;Наумова;жен;23.04.2011;5Б;79411325382;
512;Тихон;Новиков;муж;01.05.2008;8В;79811211233;
513;Антонина;Маркова;жен;14.09.2007;9В;79166661102;79281417850
514;Роберт;Жуков;муж;10.02.2005;11В;79474756014;79756505563
515;Любовь;Федотова;жен;04.01.2010;6А;79133428213;79545311275
516;Виктория;Полякова;жен;01.03.2014;2Б;79742200787;
517;Арсен;Крылов;муж;05.07.2012;4А;79400788683;
518;Мирослав;Иванов;муж;20.06.2010;6В;79085120602;
519;Тихон;Воробьёв;муж;30.03.2011;5Б;79606853775;79613730671
520;Макар;Карпов;муж;30.09.2007;9Б;79828510431;79804248648
521;Мелания;Ушакова;жен;14.03.2012;4А;79412121557;79560153830
522;Анна;Александрова;жен;05.03.2005;11А;79803152787;
523;Эмилия;Назарова;жен;19.03.2011;5В;79472714514;
524;Виолетта;Петрова;жен;09.07.2008;8В;79356518766;79325612163
525;Василий;Никифоров;муж;22.03.2015;1Б;79173000456;79831556863
526;Арина;Соколова;жен;31.01.2009;7В;79041663337;79147320703
527;Эвелина;Орлова;жен;09.01.2015;1А;79537036788;
528;Арсений;Ефимов;муж;14.08.2006;10Б;79520330126;
529;Марина;Власова;жен;25.06.2009;7А;79045454883;
530;Арсен;Ефимов;муж;09.09.2006;10Б;79267575058;
531;Камилла;Денисова;жен;29.11.2014;2В;79743567350;
532;Кира;Максимова;жен;22.01.2010;6Б;79147045883;
533;Федор;Андреев;муж;30.11.2007;9В;79158056515;
534;Анжелика;Шмидта;жен;09.02.2008;8Б;79448136481;
535;Филипп;Давыдов;муж;28.07.2006;10В;79622826137;
536;Алиса;Филиппова;жен;30.10.2015;1В;79288230674;79850044387
537;Владислав;Егоров;муж;24.04.2007;9Б;79772347785;79828545514
538;Тимофей;Соболев;муж;16.09.2008;8Б;79084733750;
539;Николай;Романов;муж;27.10.2013;3Б;79366124472;
540;Валерия;Денисова;жен;28.09.2006;10А;79307138214;79802320246
541;Марк;Григорьев;муж;22.11.2006;10Б;79610275763;
542;Игнат;Морозов;муж;06.05.2013;3А;79828856736;
543;Егор;Павлов;муж;22.04.2010;6В;79583056327;
544;Каролина;Кузьмина;жен;16.09.2009;7В;79481128662;
545;Дамир;Белов;муж;27.10.2007;9А;79613155002;79335584047
546;Регина;Антонова;жен;28.03.2014;2А;79750358625;79706686337
547;Всеволод;Данилов;муж;10.07.2012;4А;79060068850;
548;Любовь;Сидорова;жен;29.03.2010;6В;79606184046;79056286845
549;Виктория;Макарова;жен;12.04.2008;8В;79317670811;
550;Роберт;Титов;муж;13.03.2010;6А;79688747255;79213410317
551;Екатерина;Белова;жен;26.10.2011;5Б;79137058602;79704826720
552;Виктория;Макарова;жен;14.08.2007;9В;79702530851;79880434752
553;Наташа;Семёнова;жен;05.10.2014;2А;79773506212;79172587160
554;Никита;Киселёв;муж;24.02.2015;1А;79462680761;79158865870
555;Валерия;Михайлова;жен;23.06.2007;9В;79078311544;
556;Нина;Миллера;жен;03.11.2014;2А;79500614272;79866228788
557;Вадим;Волков;муж;17.07.2008;8В;79420823264;79828888012
558;Адель;Кондратьев;муж;14.08.2007;9Б;79760351047;
559;Леонид;Николаев;муж;23.01.2005;11В;79883025730;79844115173
560;Мария;Абрамова;жен;26.10.2008;8Б;79742872162;79470146358
561;Ирина;Макарова;жен;25.07.2010;6В;79677141132;
562;Галина;Волкова;жен;24.09.2005;11Б;79074524808;
563;Станислав;Леонтьев;муж;15.02.2010;6А;79412782312;79238556500
564;Вероника;Беляева;жен;15.02.2012;4В;79286182307;79533443570
565;Герман;Попов;муж;01.01.2008;8Б;79650520413;79264656426
566;Ангелина;Маркова;жен;17.07.2005;11Б;79672163360;79231563130
567;Кристина;Васильева;жен;14.08.2012;4Б;79847736760;
568;Лидия;Савельева;жен;20.06.2009;7В;79354242050;79014466573
569;Ева;Крылова;жен;18.08.2011;5А;79301767708;
570;Ильдар;Никитин;муж;12.04.2011;5Б;79352203052;
571;Амелия;Комарова;жен;04.10.2006;10Б;79460851531;79002015225
572;Камилла;Захарова;жен;15.08.2013;3А;79682875414;79535500460
573;Ангелина;Воронина;жен;26.02.2007;9Б;79418475021;79048583673
574;Наталья;Леонтьева;жен;22.10.2006;10Б;79151633320;79338167611
575;Вадим;Соловьёв;муж;06.10.2007;9А;79160736385;
576;Святослав;Виноградов;муж;23.06.2009;7Б;79550764206;79273584585
577;Тамара;Фролова;жен;17.07.2015;1В;79134317448;79172735415
578;Даниил;Козлов;муж;07.10.2011;5В;79333145184;79744647638
579;Вадим;Трофимов;муж;31.10.2014;2Б;79718203101;
580;Эмилия;Кудрявцева;жен;01.10.2007;9А;79866805148;79346145087
581;Арина;Киселёва;жен;14.02.2011;5Б;79160443054;
582;Валерий;Миллер;муж;04.08.2015;1В;79677167744;79420363323
583;Амелия;Жукова;жен;20.04.2014;2А;79145708030;79177276875
584;Максим;Фомин;муж;06.09.2014;2В;79152107557;
585;Влад;Федотов;муж;29.10.2008;8А;79054355577;
586;Борис;Белов;муж;11.11.2015;1В;79275885466;
587;Виолетта;Ефимова;жен;08.10.2005;11А;79677604220;79301782515
588;Одиссей;Абрамов;муж;28.08.2014;2В;79411027248;79654007086
589;Руслан;Андреев;муж;18.01.2013;3Б;79630635160;
590;Виктор;Ушаков;муж;18.08.2012;4А;79465775780;79070365512
591;Елисей;Романов;муж;30.07.2013;3Б;79881271742;
592;Артур;Григорьев;муж;03.10.2011;5А;79868821178;79120433128
593;Зарина;Козлова;жен;17.02.2007;9Б;79078702540;79807725716
594;Семен;Данилов;муж;10.11.2010;6В;79858626140;79854586432
595;Макар;Данилов;муж;05.08.2009;7А;79058001331;
596;Валентина;Романова;жен;11.02.2005;11А;79803453165;
597;Вадим;Лебедев;муж;31.08.2012;4А;79237536418;
598;Людмила;Матвеева;жен;20.07.2008;8А;79517410224;
599;Алёна;Захарова;жен;18.06.2007;9Б;79441532836;79258728086
600;Лиана;Смирнова;жен;25.07.2015;1А;79711241718;79606635418
601;Николай;Пономарёв;муж;09.10.2014;2Б;79612547883;
602;Алина;Васильева;жен;21.02.2015;1Б;79671726052;
603;Андрей;Ушаков;муж;03.11.2005;11Б;79775743054;79816370773
604;Семен;Борисов;муж;06.08.2012;4Б;79764057635;
605;Алина;Наумова;жен;31.10.2014;2Б;79276717602;
606;Наташа;Наумова;жен;12.07.2007;9В;79032812580;
607;Агата;Киселёва;жен;23.11.2007;9А;79375870662;79438833208
608;Екатерина;Гусева;жен;11.09.2009;7А;79888340542;
609;Руслан;Новиков;муж;23.04.2015;1Б;79750026116;
610;Руслан;Жуков;муж;24.03.2008;8А;79028060645;
611;Эмиль;Николаев;муж;18.06.2014;2А;79107167448;79083132088
612;Лидия;Осипова;жен;19.11.2012;4В;79211443750;
613;Самира;Морозова;жен;11.05.2009;7В;79315446826;
614;Ростислав;Романов;муж;14.08.2013;3А;79002050851;
615;Анастасия;Семёнова;жен;08.03.2007;9Б;79107711873;
616;Амалия;Павлова;жен;06.09.2015;1А;79585167824;
617;Марина;Егорова;жен;09.01.2015;1В;79164143415;79217420838
618;Тамара;Быкова;жен;15.08.2015;1В;79134377575;
619;Дарья;Антонова;жен;09.02.2014;2Б;79161888751;
620;Рамиль;Игнатьев;муж;23.01.2009;7В;79802623218;79273808678
621;Василина;Афанасьева;жен;31.10.2005;11А;79703066422;79103218203
622;Софья;Маркова;жен;19.05.2005;11А;79016314328;
623;Елена;Прокофьева;жен;09.11.2013;3А;79803071057;79661311074
624;Татьяна;Миллера;жен;12.06.2005;11В;79246353051;
625;Лев;Тихомиров;муж;03.08.2006;10Б;79855133238;79421445422
626;Давид;Наумов;муж;14.07.2015;1В;79428380277;
627;Владислав;Соколов;муж;30.09.2010;6А;79347804786;79336366634
628;Эльвира;Лебедева;жен;12.05.2006;10Б;79377874853;
629;Виолетта;Давыдова;жен;26.07.2006;10В;79704778864;79640278574
630;Радмир;Богданов;муж;04.05.2013;3А;79460020323;
631;Тихон;Фомин;муж;29.01.2006;10Б;79860230156;
632;Ринат;Данилов;муж;10.01.2008;8Б;79731316144;79612580085
633;Игнат;Герасимов;муж;23.10.2014;2А;79653467588;
634;Даниэль;Щербаков;муж;02.01.2015;1В;79452066821;
635;Регина;Орлова;жен;24.08.2011;5А;79805754143;79026711456
636;Влада;Щербакова;жен;23.01.2011;5А;79657273252;
637;Даниэль;Волков;муж;20.02.2014;2Б;79264684418;79208164813
638;Кирилл;Белов;муж;01.02.2010;6Б;79185666803;
639;Николай;Прокофьев;муж;26.01.2010;6В;79877514724;79026073886
640;Ярослав;Тихомиров;муж;12.01.2008;8А;79501615615;
641;Антонина;Осипова;жен;01.08.2013;3Б;79125286621;
642;Василиса;Троицкая;жен;24.02.2014;2А;79342264818;
643;Роберт;Новиков;муж;28.03.2010;6А;79566326460;79280147084
644;Альберт;Романов;муж;10.06.2014;2А;79885405372;
645;Яромир;Ушаков;муж;12.11.2009;7Б;79450235015;
646;Татьяна;Богданова;жен;14.04.2013;3А;79145307418;79700240584
647;Богдан;Новиков;муж;17.09.2010;6А;79178546183;
648;Борис;Герасимов;муж;28.03.2013;3А;79408453442;79128250187
649;Зарина;Афанасьева;жен;18.11.2007;9Б;79126222547;79486350240
650;Влада;Полякова;жен;06.06.2015;1Б;79080058413;
651;Всеволод;Борисов;муж;12.06.2010;6В;79143712826;
652;Маргарита;Савельева;жен;08.03.2013;3Б;79704868844;79355580365
653;Тимур;Леонтьев;муж;24.05.2012;4Б;79623210721;
654;Федор;Ильин;муж;18.03.2009;7А;79430045457;
655;Ярослава;Соколова;жен;08.01.2012;4А;79603703608;
656;Григорий;Новиков;муж;16.10.2012;4В;79385151371;79461887780
657;Павел;Савельев;муж;03.03.2005;11Б;79342776808;79728316866
658;Лиана;Шульца;жен;04.03.2005;11Б;79633678331;
659;Гордей;Фомин;муж;11.09.2012;4А;79103302320;79171361005
660;Евгения;Голубева;жен;03.04.2013;3В;79653462447;
661;Захар;Титов;муж;12.07.2010;6Б;79833671532;79316182067
662;Ильдар;Борисов;муж;22.02.2015;1Б;79888065038;79200337306
663;Егор;Николаев;муж;03.03.2005;11Б;79118376101;
664;Софья;Троицкая;жен;12.04.2012;4А;79266250472;
665;Марсель;Денисов;муж;21.07.2013;3А;79883485068;79254453825
666;Елизавета;Беляева;жен;15.07.2014;2В;79651440401;79222215448
667;Нелли;Миллера;жен;20.08.2014;2А;79416311831;
668;Алексей;Афанасьев;муж;25.04.2010;6Б;79556655003;
669;Елизавета;Соловьёва;жен;14.09.2011;5А;79117566208;
670;Георгий;Поляков;муж;17.04.2015;1А;79588257167;79327728330
671;Ярослав;Тихомиров;муж;26.06.2009;7В;79618140034;79080145485
672;Кира;Чистякова;жен;23.04.2011;5Б;79231527600;
673;Демид;Титов;муж;17.11.2013;3А;79777868637;79187730473
674;Владислава;Герасимова;жен;15.03.2014;2Б;79583464554;79253263003
675;Алия;Ушакова;жен;09.02.2014;2В;79634342348;
676;Антон;Сидоров;муж;28.07.2007;9Б;79082676705;
677;Алёна;Власова;жен;08.04.2008;8В;79377035621;79065856758
678;Марк;Федотов;муж;28.03.2014;2В;79816311864;79664402247
679;Максим;Белов;муж;19.08.2009;7А;79724535231;
680;Алла;Давыдова;жен;05.06.2015;1А;79323151836;
681;Елизавета;Абрамова;жен;25.06.2015;1Б;79124250617;
682;Агата;Щербакова;жен;09.11.2011;5Б;79870740840;
683;Савелий;Сидоров;муж;25.06.2010;6Б;79161637764;79721611704
684;Роман;Пономарёв;муж;12.03.2007;9В;79741850374;79826756433
685;Владислав;Наумов;муж;11.09.2015;1В;79160660484;
686;Ангелина;Козлова;жен;01.03.2005;11А;79675713557;79256121210
687;Николай;Матвеев;муж;04.07.2015;1А;79111362404;79553558518
688;Радмир;Соколов;муж;27.06.2011;5А;79322018136;
689;Алексей;Егоров;муж;31.10.2006;10Б;79842811656;79748130076
690;Елисей;Петров;муж;06.09.2008;8А;79317214622;79120305357
691;Элина;Баранова;жен;06.08.2006;10А;79427715450;79618452716
692;Василий;Белов;муж;26.07.2008;8А;79530862844;79462358885
693;Денис;Баранов;муж;20.10.2012;4В;79834660573;
694;Дарина;Федотова;жен;11.01.2013;3В;79841541054;79436337673
695;Влада;Васильева;жен;27.01.2008;8А;79837107677;
696;Галина;Павлова;жен;23.11.2005;11А;79810074633;79024578738
697;Наталия;Киселёва;жен;02.03.2012;4Б;79733556452;
698;Владислав;Титов;муж;31.10.2015;1Б;79443207172;79570042144
699;Андрей;Савельев;муж;24.03.2014;2А;79467441637;79521603503
700;Макар;Карпов;муж;21.02.2008;8В;79520548374;
701;Дамир;Баранов;муж;30.04.2005;11В;79662643564;79473472588
702;Елена;Григорьева;жен;26.04.2009;7В;79322061373;
703;Виктор;Покровский;муж;31.01.2014;2В;79655454837;
704;Ярослав;Чистяков;муж;15.06.2014;2Б;79000081464;
705;Оксана;Матвеева;жен;26.11.2013;3Б;79227657480;
706;Владимир;Николаев;муж;09.04.2005;11А;79374016882;
707;Нина;Кузнецова;жен;24.07.2015;1Б;79481035458;
708;Даниил;Кириллов;муж;19.01.2015;1А;79655884174;79665571658
709;Тимофей;Алексеев;муж;28.10.2007;9Б;79762350746;79046514703
710;Алина;Ефимова;жен;01.05.2006;10В;79085677503;79257600035
711;Михаил;Власов;муж;30.07.2014;2В;79483470013;
712;Кирилл;Герасимов;муж;05.04.2011;5А;79117305431;
713;Святослав;Львов;муж;12.06.2008;8А;79553447262;79004008474
714;Мелания;Герасимова;жен;12.10.2007;9В;79327770340;79204273528
715;Альберт;Поляков;муж;29.09.2005;11А;79373661140;
716;Мария;Алексеева;жен;20.02.2005;11В;79774705245;79252623083
717;Злата;Попова;жен;19.06.2009;7А;79573355061;79831876808
718;Георгий;Шмидт;муж;18.07.2010;6В;79004541512;
719;Жанна;Воронина;жен;18.09.2012;4А;79568360062;
720;Платон;Комаров;муж;22.07.2015;1Б;79782418262;79712251216
721;Валерия;Захарова;жен;17.05.2013;3А;79116535528;79534473724
722;Дарина;Никифорова;жен;11.11.2008;8Б;79418664337;
723;Оксана;Новикова;жен;22.03.2005;11В;79424454612;79251216373
724;Влад;Сергеев;муж;16.10.2012;4Б;79270673510;
725;Оксана;Богданова;жен;15.08.2010;6В;79621385584;
726;Леонид;Сергеев;муж;14.11.2005;11Б;79606560326;79340622848
727;Валентина;Сергеева;жен;19.01.2009;7Б;79166388141;
728;Вера;Антонова;жен;16.04.2012;4В;79132742151;79804141274
729;Дмитрий;Матвеев;муж;22.09.2013;3В;79754538780;79841284574
730;Святогор;Орлов;муж;22.05.2010;6В;79462485803;
731;Валерия;Мартынова;жен;12.03.2011;5В;79208255820;79478361262
732;Платон;Поляков;муж;10.11.2013;3А;79301880788;
733;Святогор;Покровский;муж;08.10.2013;3Б;79142065437;
734;Ярослава;Власова;жен;26.01.2007;9В;79280087227;
735;Карина;Кондратьева;жен;21.03.2014;2А;79886886707;
736;Кристина;Новикова;жен;10.09.2006;10А;79877060370;
737;Владимир;Марков;муж;23.02.2007;9Б;79785077807;79684182230
738;Григорий;Быков;муж;21.02.2014;2Б;79426101442;79702101522
739;Андрей;Иванов;муж;21.08.2015;1В;79148581630;79252785457
740;Данил;Степанов;муж;14.01.2015;1В;79267261585;
741;Алёна;Орлова;жен;27.03.2009;7Б;79227237445;
742;Елизавета;Крылова;жен;16.07.2006;10Б;79261181545;
743;Ярослава;Кириллова;жен;02.02.2011;5В;79710163084;79705201327
744;Варвара;Белова;жен;28.02.2007;9Б;79788044521;79711656700
745;Иван;Гаврилов;муж;08.08.2015;1В;79877886485;
746;Адель;Максимов;муж;18.04.2006;10Б;79107668278;
747;Анатолий;Марков;муж;03.08.2011;5Б;79411881466;
748;Роберт;Александров;муж;23.01.2006;10А;79475444681;79057862121
749;Любовь;Тихомирова;жен;21.09.2006;10Б;79158368532;79046825347
750;Майя;Баранова;жен;16.08.2012;4А;79261867805;
751;Ева;Степанова;жен;05.06.2015;1В;79805084553;79281138134
752;Виктор;Тихомиров;муж;18.05.2012;4Б;79307540531;
753;Амина;Гусева;жен;07.09.2008;8А;79452402725;79775042717
754;Филипп;Баранов;муж;21.09.2005;11Б;79317322862;79051671413
755;Всеволод;Миллер;муж;21.03.2006;10А;79862624765;79527684230
756;Игнат;Гусев;муж;13.03.2011;5А;79047643538;79474664143
757;Сергей;Ильин;муж;26.04.2009;7Б;79805743645;
758;Анжелика;Шульца;жен;14.07.2007;9В;79065704122;
759;Виктория;Борисова;жен;29.08.2012;4Б;79556261255;
760;Андрей;Миллер;муж;18.10.2012;4А;79767468375;79052012222
761;Альберт;Сорокин;муж;27.09.2006;10Б;79805667812;79167888612
762;Роберт;Богданов;муж;30.06.2011;5Б;79562408443;79255573737
763;Яна;Белова;жен;10.07.2012;4В;79228775763;79383443763
764;Ярослав;Никитин;муж;18.07.2005;11А;79240717370;
765;Снежана;Семёнова;жен;30.08.2013;3В;79647753135;
766;Адель;Гусев;муж;12.03.2008;8В;79748221142;79563544551
767;Артём;Алексеев;муж;28.03.2007;9В;79822307661;79204343130
768;Влад;Тихомиров;муж;20.11.2012;4А;79335527102;79258720678
769;Ильдар;Фомин;муж;16.11.2010;6Б;79227043354;79552835458
770;Демид;Игнатьев;муж;15.04.2006;10А;79476510480;
771;Никита;Тимофеев;муж;16.07.2011;5Б;79782442421;
772;Алиса;Матвеева;жен;26.01.2006;10В;79407077501;
773;Татьяна;Чистякова;жен;22.01.2009;7В;79150776758;
774;Эмилия;Карпова;жен;13.06.2005;11Б;79338687866;79555152080
775;Нина;Волкова;жен;22.06.2014;2А;79471154813;
776;Марк;Данилов;муж;29.08.2008;8Б;79625120120;
777;Максим;Трофимов;муж;27.09.2005;11Б;79730456077;
778;Тамерлан;Осипов;муж;08.07.2015;1В;79153474683;79377850116
779;Дарья;Морозова;жен;05.10.2012;4А;79554122447;
780;Стефания;Титова;жен;28.05.2013;3Б;79823158874;
781;Савва;Смирнов;муж;21.10.2009;7А;79216478885;
782;Матвей;Титов;муж;17.10.2006;10Б;79155044653;
783;Владислав;Гусев;муж;31.03.2011;5А;79641172147;
784;Злата;Игнатьева;жен;11.08.2006;10А;79646383107;79783516733
785;Лиана;Абрамова;жен;22.10.2011;5А;79471282876;
786;Ольга;Наумова;жен;15.04.2007;9Б;79311537168;79100754031
787;Платон;Кондратьев;муж;09.02.2009;7В;79225446848;
788;Амир;Кудрявцев;муж;07.03.2009;7А;79654042217;
789;Даниил;Александров;муж;15.10.2013;3В;79711050046;79123043263
790;Таисия;Кузнецова;жен;17.01.2012;4А;79477433000;
791;Амина;Михайлова;жен;05.09.2009;7В;79766375231;79165023833
792;Станислав;Никитин;муж;17.02.2006;10А;79087653277;79434674352
793;Игнат;Назаров;муж;21.05.2005;11А;79853622313;79244714167
794;Регина;Яковлева;жен;20.02.2005;11Б;79258461043;79411782445
795;Анастасия;Максимова;жен;13.09.2012;4Б;79850662688;
796;Одиссей;Иванов;муж;04.09.2015;1В;79873057122;
797;Лидия;Федотова;жен;27.02.2010;6В;79421400700;79056046747
798;Василиса;Фролова;жен;29.09.2006;10Б;79815222825;79083663263
799;Кристина;Дмитриева;жен;06.02.2006;10А;79611828231;79702741131
800;Мирон;Смирнов;муж;07.06.2007;9Б;79354353006;79351046811
801;Амалия;Козлова;жен;03.07.2006;10Б;79842771372;79171224872
802;Марина;Титова;жен;21.11.2015;1В;79063634078;
803;Данил;Покровский;муж;15.06.2010;6Б;79848110575;79426146274
804;Тимофей;Иванов;муж;05.07.2006;10Б;79654323146;
805;Савва;Пономарёв;муж;21.04.2010;6Б;79743615157;79134243114
806;Яна;Петрова;жен;10.03.2010;6В;79878454647;79450500604
807;Наталья;Кузнецова;жен;17.11.2005;11В;79888068112;79543711572
808;Сергей;Ильин;муж;11.09.2010;6Б;79818404110;
809;Владислав;Никитин;муж;24.03.2006;10Б;79175136400;
810;Вера;Григорьева;жен;02.07.2011;5В;79584463151;79380847410
811;Самир;Голубев;муж;29.01.2015;1В;79485362243;
812;Егор;Гаврилов;муж;11.08.2005;11А;79333010377;79223445453
813;Роман;Павлов;муж;27.08.2005;11А;79253007880;
814;Ростислав;Голубев;муж;03.07.2005;11А;79413675161;79224762742
815;Марьяна;Сорокина;жен;19.11.2013;3Б;79101657082;
816;Наталия;Кондратьева;жен;16.06.2010;6В;79784703141;
817;Екатерина;Борисова;жен;24.05.2007;9В;79621157788;
818;Федор;Леонтьев;муж;25.01.2012;4В;79288410604;
819;Наташа;Степанова;жен;01.01.2015;1В;79432230518;
820;Евгений;Павлов;муж;16.06.2008;8В;79788858072;
821;Злата;Петрова;жен;06.11.2013;3В;79635473030;
822;Альберт;Сергеев;муж;02.08.2009;7Б;79873385487;79332021052
823;Оксана;Орлова;жен;27.04.2015;1Б;79156503146;
824;Валерия;Александрова;жен;22.07.2007;9В;79518305782;79038004250
825;Руслан;Ильин;муж;08.10.2005;11А;79538800656;79576701888
826;Степан;Троицкий;муж;21.06.2006;10В;79816657135;
827;Станислав;Комаров;муж;30.03.2013;3В;79858188007;79554284652
828;Николай;Константинов;муж;28.02.2011;5В;79700512524;
829;Николай;Николаев;муж;03.06.2014;2Б;79881475201;
830;Альбина;Власова;жен;31.07.2009;7В;79504083067;79216152711
831;Максим;Покровский;муж;25.02.2015;1Б;79387043458;79721356322
832;Леонид;Кузнецов;муж;11.02.2009;7В;79524366473;
833;Снежана;Миронова;жен;07.09.2014;2А;79433665325;79836618620
834;Макар;Семёнов;муж;15.03.2014;2Б;79284031531;
835;Герман;Соловьёв;муж;12.11.2013;3Б;79675735732;79318863421
836;Станислав;Прокофьев;муж;23.02.2006;10Б;79620206280;79787822717
837;Данил;Тихомиров;муж;19.02.2008;8А;79328020471;
838;Ярослава;Троицкая;жен;09.01.2011;5А;79344512471;79423876067
839;Ирина;Афанасьева;жен;08.08.2008;8А;79504135565;
840;Георгий;Наумов;муж;18.06.2006;10А;79340230751;
841;Вадим;Савельев;муж;09.10.2007;9В;79488523215;
842;Арсений;Карпов;муж;31.10.2007;9А;79124016642;79203384848
843;Алина;Шмидта;жен;22.04.2005;11А;79400744667;
844;Вячеслав;Дмитриев;муж;10.03.2005;11Б;79134253638;
845;Ринат;Фёдоров;муж;30.09.2012;4В;79051472637;
846;Эвелина;Филиппова;жен;20.11.2009;7Б;79542585625;
847;Агата;Карпова;жен;07.02.2006;10Б;79162506831;
848;Ильдар;Кондратьев;муж;29.04.2011;5В;79832286401;
849;Рустам;Борисов;муж;20.03.2008;8Б;79603608442;
850;Екатерина;Алексеева;жен;09.11.2010;6Б;79016867034;
851;Евгений;Власов;муж;09.01.2005;11В;79173763632;
852;Каролина;Тихомирова;жен;15.01.2014;2В;79586711511;79035240537
853;Дарья;Денисова;жен;10.03.2008;8Б;79720531883;79850475166
854;Матвей;Чистяков;муж;05.10.2015;1В;79041160471;79655848326
855;Регина;Лебедева;жен;28.08.2007;9В;79264722725;79317531886
856;Елизавета;Александрова;жен;29.10.2009;7В;79347686113;
857;Валентина;Миронова;жен;28.05.2012;4Б;79183003004;79261846416
858;Есения;Кириллова;жен;28.06.2014;2А;79872232855;79808020504
859;Эльвира;Соловьёва;жен;28.07.2013;3Б;79120434500;
860;Эвелина;Гаврилова;жен;02.09.2006;10Б;79180551137;79086355025
861;Тамара;Яковлева;жен;27.09.2008;8Б;79861534738;
862;Лариса;Ефимова;жен;19.11.2010;6В;79287835556;79251008807
863;Алина;Леонтьева;жен;13.10.2008;8В;79270200186;79256536382
864;Алиса;Тихомирова;жен;10.05.2009;7Б;79570403616;
865;Олеся;Никифорова;жен;10.07.2014;2А;79770422570;79813844880
866;Денис;Андреев;муж;22.01.2009;7А;79020207411;
867;Святогор;Фролов;муж;10.07.2011;5А;79716100178;79048166713
868;Мелания;Кузнецова;жен;29.01.2013;3В;79578518314;
869;Святослав;Александров;муж;01.11.2014;2А;79838045346;79612503840
870;Ангелина;Кузнецова;жен;22.03.2011;5В;79807240714;
871;Лидия;Воронина;жен;18.07.2011;5В;79378674634;79450300618
872;Алёна;Васильева;жен;06.05.2012;4А;79446684386;79377758461
873;Святослав;Захаров;муж;08.07.2008;8Б;79057338273;
874;Эльмира;Павлова;жен;02.11.2007;9В;79708825882;79730502748
875;Варвара;Кириллова;жен;02.08.2007;9А;79676518480;
876;Ян;Ильин;муж;10.06.2015;1А;79334456674;79384477545
877;Софья;Фёдорова;жен;22.04.2008;8А;79716107850;79082234304
878;Демид;Орлов;муж;01.10.2009;7А;79372565436;
879;Алия;Голубева;жен;15.08.2005;11Б;79063414648;
880;Святогор;Попов;муж;31.01.2014;2В;79031517708;
881;Алиса;Быкова;жен;11.10.2008;8Б;79635686755;
882;Роберт;Романов;муж;06.03.2013;3В;79028485726;
883;Марсель;Давыдов;муж;17.01.2014;2В;79265352727;
884;Артём;Данилов;муж;20.11.2006;10В;79808607476;
885;Эдуард;Николаев;муж;27.02.2012;4Б;79813536604;79255645668
886;Амир;Афанасьев;муж;09.01.2005;11Б;79350302551;
887;Амалия;Козлова;жен;07.11.2013;3Б;79256486666;79312635708
888;Давид;Воробьёв;муж;07.11.2005;11А;79622233414;79425571034
889;Рустам;Давыдов;муж;03.06.2009;7Б;79318204475;79847786376
890;Максим;Крылов;муж;04.05.2005;11А;79217278127;
891;Самир;Беляев;муж;11.06.2015;1Б;79600121624;
892;Лиана;Осипова;жен;16.11.2007;9Б;79153068054;
893;Игнат;Алексеев;муж;18.03.2015;1А;79618231308;79808281513
894;Алия;Мартынова;жен;23.06.2010;6Б;79264882764;79105457001
895;Альберт;Дмитриев;муж;13.10.2011;5Б;79764481528;79110503027
896;Яромир;Ушаков;муж;03.11.2006;10А;79604508246;79252624221
897;Сергей;Егоров;муж;05.07.2006;10Б;79530625652;79221543746
898;Степан;Наумов;муж;19.06.2015;1Б;79813516754;79582214231
899;Анна;Новикова;жен;13.02.2013;3В;79180656310;
900;Алина;Волкова;жен;20.04.2008;8А;79250518866;
901;Кирилл;Волков;муж;25.09.2013;3В;79560626287;79834077360
902;Самир;Щербаков;муж;18.09.2005;11А;79665618844;
903;Борис;Кондратьев;муж;01.08.2014;2В;79340237115;79607746247
904;Майя;Герасимова;жен;20.01.2011;5В;79802480812;
905;Нелли;Лебедева;жен;14.09.2011;5В;79303371527;79003714064
906;Игнат;Сорокин;муж;02.07.2007;9А;79475460012;79423087278
907;Эдуард;Семёнов;муж;11.05.2009;7А;79672814808;79074257758
908;Сергей;Тихомиров;муж;22.06.2011;5А;79688204721;79471442307
909;Матвей;Лебедев;муж;14.03.2013;3В;79862058320;
910;Наталия;Петрова;жен;31.03.2012;4А;79016425134;79031327611
911;Есения;Покровская;жен;10.02.2011;5Б;79503512662;
912;Лидия;Попова;жен;04.01.2010;6В;79125002532;
913;Самира;Леонтьева;жен;16.11.2006;10А;79181076356;79380852313
914;Егор;Кузьмин;муж;20.06.2012;4В;79311747210;79442468020
915;Всеволод;Лебедев;муж;28.01.2013;3В;79727318000;79455683272
916;Тамара;Соловьёва;жен;25.07.2009;7В;79328524173;
917;Кристина;Гаврилова;жен;16.03.2013;3В;79443314724;
918;Майя;Захарова;жен;01.02.2013;3В;79460448352;
919;Элина;Григорьева;жен;21.03.2011;5А;79135848382;
920;Лилия;Новикова;жен;25.06.2007;9В;79306065105;79657282528
921;Амалия;Сорокина;жен;14.04.2014;2Б;79563107606;
922;Родион;Троицкий;муж;25.11.2015;1Б;79134861682;
923;Олеся;Григорьева;жен;17.10.2009;7Б;79748061645;
924;Руслан;Дмитриев;муж;22.03.2005;11А;79731763077;
925;Иван;Белов;муж;18.02.2007;9В;79335241608;79874632725
926;Лариса;Тихомирова;жен;24.08.2005;11Б;79342231764;
927;Майя;Сергеева;жен;11.07.2008;8В;79516844003;79515173856
928;Эмиль;Николаев;муж;09.04.2007;9А;79771273650;79736886054
929;Артём;Семёнов;муж;10.04.2007;9А;79887673083;79231063320
930;Галина;Соколова;жен;13.10.2009;7А;79352682825;
931;Денис;Белов;муж;27.10.2012;4Б;79632150035;79202773556
932;Радмир;Чистяков;муж;06.06.2005;11А;79687247246;
933;Полина;Соловьёва;жен;06.04.2014;2Б;79361845554;
934;Ева;Андреева;жен;14.01.2013;3А;79215024021;
935;Кира;Петрова;жен;20.04.2007;9А;79406315367;
936;Антонина;Чистякова;жен;30.06.2005;11А;79847205468;
937;Никита;Шмидт;муж;25.02.2006;10Б;79045300360;
938;Инна;Попова;жен;18.09.2007;9А;79710368233;79708687616
939;Яна;Фомина;жен;26.10.2008;8Б;79426268025;
940;Рамиль;Баранов;муж;23.06.2013;3В;79643724175;79402103243
941;Лев;Васильев;муж;06.01.2005;11В;79413763375;
942;Ева;Васильева;жен;28.10.2009;7В;79683650465;79242561252
943;София;Егорова;жен;07.06.2014;2Б;79363300212;
944;Наталья;Полякова;жен;04.09.2008;8А;79744118647;
945;Василий;Антонов;муж;05.08.2006;10Б;79435062151;
946;Анна;Филиппова;жен;20.06.2008;8В;79287443485;79081348863
947;Жанна;Киселёва;жен;21.03.2005;11В;79886322757;
948;Сергей;Наумов;муж;28.06.2010;6Б;79466167617;
949;Юлиана;Макарова;жен;02.06.2009;7А;79152807754;79485781428
950;Александра;Власова;жен;05.04.2013;3Б;79723252358;
951;Алиса;Филиппова;жен;25.05.2005;11В;79821754570;79540170052
952;Олег;Голубев;муж;25.07.2014;2А;79267030121;79833838021
953;Антонина;Ефимова;жен;06.11.2011;5Б;79155274047;79772230558
954;Василий;Константинов;муж;26.11.2007;9В;79613562132;79642702663
955;Амалия;Иванова;жен;29.05.2009;7Б;79732283521;
956;Марсель;Сидоров;муж;11.10.2015;1А;79683655566;79187324371
957;Анжелика;Титова;жен;15.10.2013;3В;79383757118;79072233721
958;Алиса;Денисова;жен;03.06.2008;8В;79027267205;79431208472
959;Сергей;Романов;муж;15.08.2010;6Б;79273637330;79505024304
960;Каролина;Покровская;жен;18.02.2011;5Б;79733441551;
961;Святослав;Кузнецов;муж;05.11.2010;6А;79056607728;79614148145
962;Снежана;Макарова;жен;22.08.2014;2Б;79547882853;79040736627
963;Рустам;Игнатьев;муж;28.09.2005;11А;79033261154;
964;Наташа;Кузнецова;жен;15.04.2015;1В;79268633254;
965;Константин;Голубев;муж;23.04.2007;9Б;79825565653;79332732273
966;Михаил;Карпов;муж;18.04.2007;9В;79161820661;
967;Полина;Зайцева;жен;10.07.2009;7Б;79842561472;
968;Ангелина;Степанова;жен;09.02.2010;6А;79271502353;
969;Софья;Ушакова;жен;31.01.2009;7Б;79330884417;79012068345
970;Есения;Савельева;жен;15.08.2006;10В;79432187263;
971;Дарина;Кириллова;жен;28.02.2015;1В;79811386408;79654640353
972;Тимур;Миронов;муж;11.01.2015;1А;79450653745;79704700382
973;Гордей;Жуков;муж;21.11.2010;6В;79254235724;
974;Ильдар;Иванов;муж;12.05.2008;8А;79513687604;79350364004
975;Ярослава;Абрамова;жен;15.06.2015;1В;79722616726;
976;Эдуард;Наумов;муж;23.03.2005;11А;79338567422;
977;Леонид;Романов;муж;20.10.2007;9В;79840161167;79154002210
978;Светлана;Никифорова;жен;05.08.2014;2А;79347272507;79628208851
979;Савва;Воронин;муж;15.06.2011;5Б;79084587620;79441057857
980;Ника;Кудрявцева;жен;10.01.2008;8А;79363645336;
981;Эмиль;Шмидт;муж;23.05.2007;9А;79351714077;
982;Елена;Игнатьева;жен;14.04.2005;11Б;79338487824;
983;Алёна;Никифорова;жен;04.07.2009;7А;79041168536;
984;Василиса;Семёнова;жен;04.10.2015;1Б;79258770238;
985;Марина;Беляева;жен;12.01.2008;8А;79631042017;
986;Майя;Кудрявцева;жен;24.05.2014;2А;79330766450;
987;Вадим;Александров;муж;29.10.2008;8В;79502855187;79873828154
988;Лиана;Егорова;жен;08.11.2006;10А;79527786424;
989;Тимур;Троицкий;муж;05.11.2009;7А;79628843755;
990;Ярослава;Ушакова;жен;09.05.2013;3А;79742501742;
991;Марьяна;Васильева;жен;01.08.2013;3В;79350342188;79071805208
992;Наталия;Игнатьева;жен;21.07.2010;6Б;79084873072;
993;Софья;Фролова;жен;17.10.2006;10А;79087434028;79557281588
994;Петр;Смирнов;муж;13.02.2011;5В;79175833731;
995;Елизавета;Филиппова;жен;30.03.2014;2В;79143253411;79064850214
996;Игнат;Яковлев;муж;19.03.2006;10Б;79140886023;79781756860
997;Сергей;Семенов;муж;21.05.2005;11А;7915622433;
998